file	source	target_taxa	num_genes	link	pfam_names	pfam_accessions	md5
Actinobacteria.hmm	https://doi.org/10.1093/bioinformatics/btz188	actinobacteria	138	https://zenodo.org/records/13858489/files/Actinobacteria.hmm?download=1	"5-FTHF_cyc-lig,Adenylsucc_synt,ADK,AICARFT_IMPCHas,AIRC,Arginosuc_synth,ArgJ,ATP-synt,ATP-synt_A,ATP-synt_C,ATP-synt_DE_N,ATP_bind_2,Chorismate_synt,CinA,CoaE,CrgA,CTP_transf_1,Cu-oxidase_4,DapB_C,DAP_epimerase,DCD,DciA,DivIC,DUF2469,DUF3000,DUF3027,DUF3039,DUF3043,DUF3052,DUF3073,DUF3107,DUF3180,DUF3566,DUF3710,DUF4191,DUF4244,DUF501,EF_TS,eIF-1a,Exonuc_VII_L,Exonuc_VII_S,FolB,GatB_N,GidB,Glu-tRNAGln,Ham1p_like,HisG,Histidinol_dh,HPPK,HrcA,IGPD,IPPT,LGT,Maf,Methyltransf_5,Methyltrans_RNA,NIF3,NifU_N,NucS,NusG,OSCP,Peptidase_A8,PGI,PGK,Pyrophosphatase,RBFA,RecA,RecO_C,RecX,Ribonuclease_P,Ribosomal_L1,Ribosomal_L13,Ribosomal_L14,Ribosomal_L16,Ribosomal_L17,Ribosomal_L18p,Ribosomal_L19,Ribosomal_L20,Ribosomal_L21p,Ribosomal_L22,Ribosomal_L23,ribosomal_L24,Ribosomal_L27,Ribosomal_L27A,Ribosomal_L29,Ribosomal_L3,Ribosomal_L34,Ribosomal_L35p,Ribosomal_L4,Ribosomal_L6,Ribosomal_L9_C,Ribosomal_S10,Ribosomal_S11,Ribosomal_S13,Ribosomal_S15,Ribosomal_S16,Ribosomal_S17,Ribosomal_S19,Ribosomal_S2,Ribosomal_S20p,Ribosomal_S30AE,Ribosomal_S6,Ribosomal_S7,Ribosomal_S8,Ribosomal_S9,Ribosom_S12_S23,Ribul_P_3_epim,RNase_HII,RNA_pol_L,RNA_pol_Rpb6,RRF,RsfS,RuvC,RuvX,SAICAR_synt,SCP_3,SecE,SecG,SecY,SMC_ScpA,SMC_ScpB,SmpB,SOR_SNZ,Topoisom_bac,Transcrip_reg,tRNA-synt_1d,tRNA-synt_2c,tRNA-synt_His,tRNA_m1G_MT,Trp_syntA,TsaE,UPF0054,UPF0102,YajC,YceD,YgbB,YGGT,YidD"	"PF01812.20,PF00709.21,PF00406.22,PF01808.18,PF00731.20,PF00764.19,PF01960.18,PF00231.19,PF00119.20,PF00137.21,PF02823.16,PF03668.15,PF01264.21,PF02464.17,PF01121.20,PF06781.12,PF01148.20,PF02578.15,PF05173.14,PF01678.19,PF06559.11,PF05258.12,PF04977.15,PF10611.9,PF11452.8,PF11228.8,PF11238.8,PF11241.8,PF11253.8,PF11273.8,PF11305.8,PF11377.8,PF12089.8,PF12502.8,PF13829.6,PF14029.6,PF04417.12,PF00889.19,PF01176.19,PF02601.15,PF02609.16,PF02152.18,PF02934.15,PF02527.15,PF02686.15,PF01725.16,PF01634.18,PF00815.20,PF01288.20,PF01628.21,PF00475.18,PF01715.17,PF01790.18,PF02545.14,PF01795.19,PF04452.14,PF01784.18,PF01592.16,PF01939.16,PF02357.19,PF00213.18,PF01252.18,PF00342.19,PF00162.19,PF00719.19,PF02033.18,PF00154.21,PF02565.15,PF02631.16,PF00825.18,PF00687.21,PF00572.18,PF00238.19,PF00252.18,PF01196.19,PF00861.22,PF01245.20,PF00453.18,PF00829.21,PF00237.19,PF00276.20,PF17136.4,PF01016.19,PF00828.19,PF00831.23,PF00297.22,PF00468.17,PF01632.19,PF00573.22,PF00347.23,PF03948.14,PF00338.22,PF00411.19,PF00416.22,PF00312.22,PF00886.19,PF00366.20,PF00203.21,PF00318.20,PF01649.18,PF02482.19,PF01250.17,PF00177.21,PF00410.19,PF00380.19,PF00164.25,PF00834.19,PF01351.18,PF01193.24,PF01192.22,PF01765.19,PF02410.15,PF02075.17,PF03652.15,PF01259.18,PF17844.1,PF00584.20,PF03840.14,PF00344.20,PF02616.14,PF04079.16,PF01668.18,PF01680.17,PF01131.20,PF01709.20,PF00750.19,PF01411.19,PF13393.6,PF01746.21,PF00290.20,PF02367.17,PF02130.17,PF02021.17,PF02699.15,PF02620.17,PF02542.16,PF02325.17,PF01809.18"	6b50f2369066f8f9dcc70e86d3c58c3a
Alphaproteobacteria.hmm	https://doi.org/10.1093/bioinformatics/btz188	alphaproteobacteria	117	https://zenodo.org/records/13858489/files/Alphaproteobacteria.hmm?download=1	"AICARFT_IMPCHas,ALAD,ATP-synt,ATP-synt_A,ATP-synt_C,ATP-synt_DE_N,CcmB,CcmE,CoaE,Colicin_V,Coprogen_oxidas,COX15-CtaA,Cu-oxidase_4,Cytochrom_C1,DAP_epimerase,DciA,DivIC,DNA_pol3_chi,DUF1013,EF_TS,eIF-1a,Exonuc_VII_L,Exonuc_VII_S,FA_synthesis,Ferrochelatase,GatB_N,Glu-tRNAGln,GrpE,IPPT,Methyltransf_28,Methyltransf_5,Methyltrans_RNA,MnmE_helical,NDK,NDUFA12,OSCP,Pept_tRNA_hydro,Porphobil_deam,Prenyltransf,PseudoU_synth_1,RBFA,RecO_C,Ribonuclease_P,Ribosomal_L1,Ribosomal_L13,Ribosomal_L14,Ribosomal_L16,Ribosomal_L17,Ribosomal_L18p,Ribosomal_L19,Ribosomal_L20,Ribosomal_L21p,Ribosomal_L22,Ribosomal_L23,ribosomal_L24,Ribosomal_L27,Ribosomal_L27A,Ribosomal_L28,Ribosomal_L29,Ribosomal_L3,Ribosomal_L31,Ribosomal_L32p,Ribosomal_L33,Ribosomal_L34,Ribosomal_L35p,Ribosomal_L36,Ribosomal_L4,Ribosomal_L6,Ribosomal_L9_C,Ribosomal_S10,Ribosomal_S11,Ribosomal_S13,Ribosomal_S14,Ribosomal_S15,Ribosomal_S16,Ribosomal_S17,Ribosomal_S19,Ribosomal_S2,Ribosomal_S20p,Ribosomal_S6,Ribosomal_S7,Ribosomal_S8,Ribosomal_S9,Ribosom_S12_S23,RmuC,RNase_HII,RNA_pol_L,RNA_pol_Rpb6,RRF,RsfS,RuvC,RuvX,Sdh5,SecB,SecE,SecG,SecY,SmpB,SspB,TatC,TatD_DNase,Thymidylate_kin,Topoisom_bac,Transcrip_reg,tRNA-synt_1d,tRNA-synt_2e,tRNA_m1G_MT,tRNA_synt_2f,TsaE,UPF0054,URO-D,YajC,YbaB_DNA_bd,YceG,YidD,YMF19,ZapA"	"PF01808.18,PF00490.21,PF00231.19,PF00119.20,PF00137.21,PF02823.16,PF03379.13,PF03100.15,PF01121.20,PF02674.16,PF01218.18,PF02628.15,PF02578.15,PF02167.15,PF01678.19,PF05258.12,PF04977.15,PF04364.13,PF06242.11,PF00889.19,PF01176.19,PF02601.15,PF02609.16,PF02504.15,PF00762.19,PF02934.15,PF02686.15,PF01025.19,PF01715.17,PF02636.17,PF01795.19,PF04452.14,PF12631.7,PF00334.19,PF05071.16,PF00213.18,PF01195.19,PF01379.20,PF01255.19,PF01416.20,PF02033.18,PF02565.15,PF00825.18,PF00687.21,PF00572.18,PF00238.19,PF00252.18,PF01196.19,PF00861.22,PF01245.20,PF00453.18,PF00829.21,PF00237.19,PF00276.20,PF17136.4,PF01016.19,PF00828.19,PF00830.19,PF00831.23,PF00297.22,PF01197.18,PF01783.23,PF00471.20,PF00468.17,PF01632.19,PF00444.18,PF00573.22,PF00347.23,PF03948.14,PF00338.22,PF00411.19,PF00416.22,PF00253.21,PF00312.22,PF00886.19,PF00366.20,PF00203.21,PF00318.20,PF01649.18,PF01250.17,PF00177.21,PF00410.19,PF00380.19,PF00164.25,PF02646.16,PF01351.18,PF01193.24,PF01192.22,PF01765.19,PF02410.15,PF02075.17,PF03652.15,PF03937.16,PF02556.14,PF00584.20,PF03840.14,PF00344.20,PF01668.18,PF04386.13,PF00902.18,PF01026.21,PF02223.17,PF01131.20,PF01709.20,PF00750.19,PF02091.15,PF01746.21,PF02092.17,PF02367.17,PF02130.17,PF01208.17,PF02699.15,PF02575.16,PF02618.16,PF01809.18,PF02326.15,PF05164.13"	e8f9b1f7940b18a6501743bd8daed6e1
Archaea.hmm	https://doi.org/10.1093/bioinformatics/btz188	archaea	76	https://zenodo.org/records/13858489/files/Archaea.hmm?download=1	"Adenylsucc_synt,AdoHcyase,Archease,ATP-synt_D,ATP-synt_F,CarS-like,CTP-dep_RFKase,Diphthamide_syn,DNA_primase_lrg,dsDNA_bind,DUF357,DUF359,DUF655,eIF-6,FbpA,Ham1p_like,HMG-CoA_red,NDK,PPS_PS,Prefoldin,PTH2,PyrI,Ribosomal_L1,Ribosomal_L13,Ribosomal_L14,Ribosomal_L15e,Ribosomal_L16,Ribosomal_L21e,Ribosomal_L22,Ribosomal_L23,Ribosomal_L26,Ribosomal_L29,Ribosomal_L3,Ribosomal_L31e,Ribosomal_L32e,Ribosomal_L37ae,Ribosomal_L39,Ribosomal_L4,Ribosomal_L44,Ribosomal_L5e,Ribosomal_L6,Ribosomal_S11,Ribosomal_S13,Ribosomal_S15,Ribosomal_S17,Ribosomal_S17e,Ribosomal_S19,Ribosomal_S19e,Ribosomal_S2,Ribosomal_S24e,Ribosomal_S27e,Ribosomal_S28e,Ribosomal_S3Ae,Ribosomal_S7,Ribosomal_S8,Ribosomal_S8e,Ribosomal_S9,Ribosom_S12_S23,Rib_5-P_isom_A,RNase_HII,RNA_pol_L_2,RNA_pol_N,RNA_pol_Rpb4,RNA_pol_Rpb6,RtcB,SecY,Spt4,TIM,Trm56,tRNA-synt_1c,tRNA-synt_1d,tRNA-synt_His,TruD,vATP-synt_AC39,vATP-synt_E,V_ATPase_I"	"PF00709.21,PF05221.17,PF01951.16,PF01813.17,PF01990.17,PF01864.17,PF01982.16,PF01866.17,PF04104.14,PF01984.20,PF04010.13,PF04019.12,PF04919.12,PF01912.18,PF05833.11,PF01725.16,PF00368.18,PF00334.19,PF02006.16,PF02996.17,PF01981.16,PF01948.18,PF00687.21,PF00572.18,PF00238.19,PF00827.17,PF00252.18,PF01157.18,PF00237.19,PF00276.20,PF16906.5,PF00831.23,PF00297.22,PF01198.19,PF01655.18,PF01780.19,PF00832.20,PF00573.22,PF00935.19,PF17144.4,PF00347.23,PF00411.19,PF00416.22,PF00312.22,PF00366.20,PF00833.18,PF00203.21,PF01090.19,PF00318.20,PF01282.19,PF01667.17,PF01200.18,PF01015.18,PF00177.21,PF00410.19,PF01201.22,PF00380.19,PF00164.25,PF06026.14,PF01351.18,PF13656.6,PF01194.17,PF03874.16,PF01192.22,PF01139.17,PF00344.20,PF06093.13,PF00121.18,PF01994.16,PF00749.21,PF00750.19,PF13393.6,PF01142.18,PF01992.16,PF01991.18,PF01496.19"	a6cac0600fee9c56d57bdf37bbb56409
Bacteria.hmm	https://doi.org/10.1093/bioinformatics/btz188	bacteria	74	https://zenodo.org/records/13858489/files/Bacteria.hmm?download=1	"5-FTHF_cyc-lig,Adenylsucc_synt,ADK,AICARFT_IMPCHas,ATP-synt,ATP-synt_A,Chorismate_synt,EF_TS,eIF-1a,Exonuc_VII_L,Exonuc_VII_S,GrpE,Ham1p_like,IPPT,OSCP,Peptidase_A8,Pept_tRNA_hydro,PGK,PseudoU_synth_1,RBFA,RecO_C,Ribonuclease_P,Ribosomal_L1,Ribosomal_L13,Ribosomal_L14,Ribosomal_L16,Ribosomal_L17,Ribosomal_L18p,Ribosomal_L19,Ribosomal_L20,Ribosomal_L21p,Ribosomal_L22,Ribosomal_L23,ribosomal_L24,Ribosomal_L27,Ribosomal_L27A,Ribosomal_L28,Ribosomal_L29,Ribosomal_L3,Ribosomal_L32p,Ribosomal_L34,Ribosomal_L35p,Ribosomal_L4,Ribosomal_L6,Ribosomal_L9_C,Ribosomal_S10,Ribosomal_S11,Ribosomal_S13,Ribosomal_S15,Ribosomal_S16,Ribosomal_S17,Ribosomal_S19,Ribosomal_S2,Ribosomal_S20p,Ribosomal_S6,Ribosomal_S7,Ribosomal_S8,Ribosomal_S9,Ribosom_S12_S23,RNA_pol_L,RNA_pol_Rpb6,RRF,RsfS,RuvX,SecE,SecG,SecY,SmpB,tRNA-synt_1d,tRNA_m1G_MT,TsaE,UPF0054,YajC,YidD"	"PF01812.20,PF00709.21,PF00406.22,PF01808.18,PF00231.19,PF00119.20,PF01264.21,PF00889.19,PF01176.19,PF02601.15,PF02609.16,PF01025.19,PF01725.16,PF01715.17,PF00213.18,PF01252.18,PF01195.19,PF00162.19,PF01416.20,PF02033.18,PF02565.15,PF00825.18,PF00687.21,PF00572.18,PF00238.19,PF00252.18,PF01196.19,PF00861.22,PF01245.20,PF00453.18,PF00829.21,PF00237.19,PF00276.20,PF17136.4,PF01016.19,PF00828.19,PF00830.19,PF00831.23,PF00297.22,PF01783.23,PF00468.17,PF01632.19,PF00573.22,PF00347.23,PF03948.14,PF00338.22,PF00411.19,PF00416.22,PF00312.22,PF00886.19,PF00366.20,PF00203.21,PF00318.20,PF01649.18,PF01250.17,PF00177.21,PF00410.19,PF00380.19,PF00164.25,PF01193.24,PF01192.22,PF01765.19,PF02410.15,PF03652.15,PF00584.20,PF03840.14,PF00344.20,PF01668.18,PF00750.19,PF01746.21,PF02367.17,PF02130.17,PF02699.15,PF01809.18"	15624ab137ab177d92a70f8045ccd338
Bacteria_and_Archaea.hmm	https://doi.org/10.1093/bioinformatics/btz188	bacteria-and-archaea	25	https://zenodo.org/records/13858489/files/Bacteria_and_Archaea.hmm?download=1	"Adenylsucc_synt,Ham1p_like,Ribosomal_L1,Ribosomal_L13,Ribosomal_L14,Ribosomal_L16,Ribosomal_L22,Ribosomal_L23,Ribosomal_L29,Ribosomal_L3,Ribosomal_L4,Ribosomal_L6,Ribosomal_S11,Ribosomal_S13,Ribosomal_S15,Ribosomal_S17,Ribosomal_S19,Ribosomal_S2,Ribosomal_S7,Ribosomal_S8,Ribosomal_S9,Ribosom_S12_S23,RNA_pol_Rpb6,SecY,tRNA-synt_1d"	"PF00709.21,PF01725.16,PF00687.21,PF00572.18,PF00238.19,PF00252.18,PF00237.19,PF00276.20,PF00831.23,PF00297.22,PF00573.22,PF00347.23,PF00411.19,PF00416.22,PF00312.22,PF00366.20,PF00203.21,PF00318.20,PF00177.21,PF00410.19,PF00380.19,PF00164.25,PF01192.22,PF00344.20,PF00750.19"	ee9b7b77e8e4791d15124877495d6244
Bacteroidetes.hmm	https://doi.org/10.1093/bioinformatics/btz188	bacteroidetes	90	https://zenodo.org/records/13858489/files/Bacteroidetes.hmm?download=1	"AIRC,ATP-synt,ATP-synt_A,ATP-synt_B,ATP-synt_C,ATP-synt_DE_N,Chorismate_synt,Cpn60_TCP1,DHquinase_II,DMRL_synthase,DUF2795,DUF4290,DUF4293,DUF4295,EF_TS,eIF-1a,Enolase_C,FolB,GrpE,Lum_binding,Methyltransf_5,MnmE_helical,MreC,OSCP,Pept_tRNA_hydro,PGK,Porin_10,Prenyltransf,RBFA,Ribonuclease_P,Ribosomal_L1,Ribosomal_L13,Ribosomal_L14,Ribosomal_L16,Ribosomal_L17,Ribosomal_L18p,Ribosomal_L19,Ribosomal_L20,Ribosomal_L21p,Ribosomal_L22,Ribosomal_L23,ribosomal_L24,Ribosomal_L27,Ribosomal_L27A,Ribosomal_L28,Ribosomal_L29,Ribosomal_L3,Ribosomal_L31,Ribosomal_L32p,Ribosomal_L33,Ribosomal_L34,Ribosomal_L35p,Ribosomal_L36,Ribosomal_L4,Ribosomal_L6,Ribosomal_L9_C,Ribosomal_S10,Ribosomal_S11,Ribosomal_S13,Ribosomal_S14,Ribosomal_S15,Ribosomal_S16,Ribosomal_S17,Ribosomal_S19,Ribosomal_S2,Ribosomal_S20p,Ribosomal_S21,Ribosomal_S6,Ribosomal_S7,Ribosomal_S8,Ribosomal_S9,Ribosom_S12_S23,Ribul_P_3_epim,RNA_pol_L,RRF,RuvX,SAICAR_synt,SecE,SecG,SecY,SmpB,SufE,TIM,Transcrip_reg,tRNA-synt_1d,tRNA-synt_2c,tRNA-synt_His,tRNA_m1G_MT,UPF0054,YajC"	"PF00731.20,PF00231.19,PF00119.20,PF00430.18,PF00137.21,PF02823.16,PF01264.21,PF00118.24,PF01220.19,PF00885.19,PF11387.8,PF14123.6,PF14126.6,PF14128.6,PF00889.19,PF01176.19,PF00113.22,PF02152.18,PF01025.19,PF00677.17,PF01795.19,PF12631.7,PF04085.14,PF00213.18,PF01195.19,PF00162.19,PF14121.6,PF01255.19,PF02033.18,PF00825.18,PF00687.21,PF00572.18,PF00238.19,PF00252.18,PF01196.19,PF00861.22,PF01245.20,PF00453.18,PF00829.21,PF00237.19,PF00276.20,PF17136.4,PF01016.19,PF00828.19,PF00830.19,PF00831.23,PF00297.22,PF01197.18,PF01783.23,PF00471.20,PF00468.17,PF01632.19,PF00444.18,PF00573.22,PF00347.23,PF03948.14,PF00338.22,PF00411.19,PF00416.22,PF00253.21,PF00312.22,PF00886.19,PF00366.20,PF00203.21,PF00318.20,PF01649.18,PF01165.20,PF01250.17,PF00177.21,PF00410.19,PF00380.19,PF00164.25,PF00834.19,PF01193.24,PF01765.19,PF03652.15,PF01259.18,PF00584.20,PF03840.14,PF00344.20,PF01668.18,PF02657.15,PF00121.18,PF01709.20,PF00750.19,PF01411.19,PF13393.6,PF01746.21,PF02130.17,PF02699.15"	9f180544ca2dafb9c274a2530c5bc90e
Betaproteobacteria.hmm	https://doi.org/10.1093/bioinformatics/btz188	betaproteobacteria	203	https://zenodo.org/records/13858489/files/Betaproteobacteria.hmm?download=1	"5-FTHF_cyc-lig,ADK,AICARFT_IMPCHas,AIRC,ALAD,AnmK,ArgJ,ATP_bind_2,Bax1-I,BMFP,Chorismate_synt,CinA,CoaE,Colicin_V,CRCB,Cu-oxidase_4,Cytochrom_C1,DAGK_prokar,DapB_C,DAP_epimerase,DciA,DHFR_1,DHQ_synthase,DivIC,DMRL_synthase,DNA_pol3_chi,DNA_pol3_delta,DUF179,DUF1841,DUF2069,DUF2818,DUF3460,DUF4390,DUF455,DUF493,DUF498,DUF615,EarP,EF_TS,Enolase_C,EutA,Exonuc_VII_L,Exonuc_VII_S,FA_synthesis,FBPase,Ferrochelatase,Frataxin_Cyay,FtsL,F_bP_aldolase,G3P_acyltransf,GatB_N,GcpE,GidB,Glu-tRNAGln,GrpE,H2O2_YaaD,Ham1p_like,HEM4,HemX,HisG,Histidinol_dh,HPPK,Hpr_kinase_C,HSP33,IGPD,IGPS,IPPT,IPT,Iron_traffic,IspA,Kinase-PPPase,LapA_dom,LolB,LptE,LpxB,LpxK,Methyltransf_28,Methyltransf_5,Methyltrans_RNA,MinE,MltA,MnmE_helical,MraZ,MTHFR,NDK,NIF3,NusG,OMPdecase,OmpH,Oxidored_q3,Oxidored_q4,Pantoate_ligase,Pantoate_transf,Pan_kinase,PDH,PdxJ,PEPcase,Peptidase_A8,Peptidase_M17,Pept_tRNA_hydro,PGK,PgpA,Porphobil_deam,Ppx-GppA,PRAI,Prenyltransf,PseudoU_synth_1,Pyrophosphatase,Queuosine_synth,RBFA,RecO_C,RecX,ResB,Ribonuclease_P,Ribonuc_red_sm,Ribosomal_L1,Ribosomal_L13,Ribosomal_L14,Ribosomal_L16,Ribosomal_L17,Ribosomal_L18p,Ribosomal_L19,Ribosomal_L20,Ribosomal_L21p,Ribosomal_L22,Ribosomal_L23,ribosomal_L24,Ribosomal_L27,Ribosomal_L27A,Ribosomal_L28,Ribosomal_L29,Ribosomal_L3,Ribosomal_L32p,Ribosomal_L33,Ribosomal_L34,Ribosomal_L35p,Ribosomal_L4,Ribosomal_L6,Ribosomal_L9_C,Ribosomal_S10,Ribosomal_S11,Ribosomal_S13,Ribosomal_S14,Ribosomal_S15,Ribosomal_S16,Ribosomal_S17,Ribosomal_S19,Ribosomal_S2,Ribosomal_S20p,Ribosomal_S6,Ribosomal_S7,Ribosomal_S8,Ribosomal_S9,Ribosom_S12_S23,Ribul_P_3_epim,Rib_5-P_isom_A,RmuC,RNase_HII,RNA_pol_L,RNA_pol_Rpb6,RRF,RsfS,RuvC,RuvX,SAICAR_synt,Sdh5,SecB,SecE,SecG,SecY,SMC_ScpA,SMC_ScpB,SmpB,SPOUT_MTase,SspB,SurE,TAL_FSA,TatC,TGT,ThiC_Rad_SAM,TIM,Transcrip_reg,Trm112p,tRNA-synt_1d,tRNA-synt_2e,tRNA_m1G_MT,tRNA_synt_2f,tRNA_U5-meth_tr,Trp_syntA,TsaE,Ub-RnfH,UPF0054,UPF0225,URO-D,YajC,YbaB_DNA_bd,YceD,YceG,YgbB,YicC_N,YidD,YqeY,ZapA"	"PF01812.20,PF00406.22,PF01808.18,PF00731.20,PF00490.21,PF03702.14,PF01960.18,PF03668.15,PF01027.20,PF04380.13,PF01264.21,PF02464.17,PF01121.20,PF02674.16,PF02537.15,PF02578.15,PF02167.15,PF01219.19,PF05173.14,PF01678.19,PF05258.12,PF00186.19,PF01761.20,PF04977.15,PF00885.19,PF04364.13,PF06144.13,PF02622.15,PF08897.11,PF09842.9,PF10993.8,PF11943.8,PF14334.6,PF04305.14,PF04359.14,PF04430.14,PF04751.14,PF10093.9,PF00889.19,PF00113.22,PF06277.11,PF02601.15,PF02609.16,PF02504.15,PF00316.20,PF00762.19,PF01491.16,PF04999.13,PF01116.20,PF02660.15,PF02934.15,PF04551.14,PF02527.15,PF02686.15,PF01025.19,PF03883.14,PF01725.16,PF02602.15,PF04375.14,PF01634.18,PF00815.20,PF01288.20,PF07475.12,PF01430.19,PF00475.18,PF00218.21,PF01715.17,PF01745.16,PF04362.14,PF04279.15,PF03618.14,PF06305.11,PF03550.14,PF04390.12,PF02684.15,PF02606.14,PF02636.17,PF01795.19,PF04452.14,PF03776.14,PF03562.17,PF12631.7,PF02381.18,PF02219.17,PF00334.19,PF01784.18,PF02357.19,PF00215.24,PF03938.14,PF00499.20,PF00507.19,PF02569.15,PF02548.15,PF03309.14,PF02153.17,PF03740.13,PF00311.17,PF01252.18,PF00883.21,PF01195.19,PF00162.19,PF04608.13,PF01379.20,PF02541.16,PF00697.22,PF01255.19,PF01416.20,PF00719.19,PF02547.15,PF02033.18,PF02565.15,PF02631.16,PF05140.14,PF00825.18,PF00268.21,PF00687.21,PF00572.18,PF00238.19,PF00252.18,PF01196.19,PF00861.22,PF01245.20,PF00453.18,PF00829.21,PF00237.19,PF00276.20,PF17136.4,PF01016.19,PF00828.19,PF00830.19,PF00831.23,PF00297.22,PF01783.23,PF00471.20,PF00468.17,PF01632.19,PF00573.22,PF00347.23,PF03948.14,PF00338.22,PF00411.19,PF00416.22,PF00253.21,PF00312.22,PF00886.19,PF00366.20,PF00203.21,PF00318.20,PF01649.18,PF01250.17,PF00177.21,PF00410.19,PF00380.19,PF00164.25,PF00834.19,PF06026.14,PF02646.16,PF01351.18,PF01193.24,PF01192.22,PF01765.19,PF02410.15,PF02075.17,PF03652.15,PF01259.18,PF03937.16,PF02556.14,PF00584.20,PF03840.14,PF00344.20,PF02616.14,PF04079.16,PF01668.18,PF02590.17,PF04386.13,PF01975.17,PF00923.19,PF00902.18,PF01702.18,PF01964.18,PF00121.18,PF01709.20,PF03966.16,PF00750.19,PF02091.15,PF01746.21,PF02092.17,PF05958.11,PF00290.20,PF02367.17,PF03658.14,PF02130.17,PF17775.1,PF01208.17,PF02699.15,PF02575.16,PF02620.17,PF02618.16,PF02542.16,PF03755.13,PF01809.18,PF09424.10,PF05164.13"	f58e6bbc7cb4c35791605496c60f8632
Chlamydiae.hmm	https://doi.org/10.1093/bioinformatics/btz188	chlamydiae	286	https://zenodo.org/records/13858489/files/Chlamydiae.hmm?download=1	"5-FTHF_cyc-lig,6PGD,ABC_sub_bind,Acetyltransf_1,Acetyltransf_10,Acetyltransf_3,Acetyltransf_4,Actin,AhpC-TSA,ALAD,Amidase,Amidase_3,Amino_oxidase,AMP-binding,ApbE,AP_endonuc_2,ATP-gua_Ptrans,ATP-synt_C,ATP-synt_D,Bactofilin,Bac_DNA_binding,Bac_export_1,Bac_export_2,Bac_export_3,Bax1-I,BPL_N,Branch_AA_trans,Chlam_OMP3,Chorismate_synt,CN_hydrolase,CoaE,Cpn10,CRPA,CTP_transf_1,CTP_transf_3,Cu-oxidase_4,Cytidylate_kin2,Cyt_bd_oxida_I,Cyt_bd_oxida_II,DAO,DapB_C,DAP_epimerase,DciA,DeoC,DHBP_synthase,DHDPS,DHFR_1,DHQ_synthase,DMRL_synthase,DnaJ_C,DNase-RNase,DsbB,DsbD,DUF1137,DUF1186,DUF1207,DUF1343,DUF1347,DUF1494,DUF167,DUF179,DUF2709,DUF2764,DUF3604,DUF378,DUF5070,DUF5398,DUF5399,DUF5407,DUF5414,DUF5421,DUF5422,DUF5423,Dus,EF_TS,eIF-1a,Enolase_C,ExbD,Exonuc_VII_L,Exonuc_VII_S,Exonuc_V_gamma,F420_ligase,FabA,FA_synthesis,Ferrochelatase,FGE-sulfatase,Flavoprotein,FliO,FliP,FolB,Formyl_trans_N,FtsA,G6PD_C,GatB_N,GcpE,GCV_H,Glu-tRNAGln,Glucosamine_iso,Glyco_hydro_77,GrpE,HAD_2,Ham1p_like,Hc1,HC2,HEM4,His_Phos_1,HIT,HPPK,HrcA,HrpE,HU-HIG,Inositol_P,IPPT,IPT,LAB_N,Ldh_1_C,LGT,Lip_A_acyltrans,LptE,LpxB,LpxC,LpxK,LtuB,Lum_binding,LYTB,Maf,MethyltransfD12,Methyltransf_4,Methyltransf_5,Methyltrans_SAM,MFS_3,MMPL,MnmE_helical,MreC,MurJ,Na_H_antiport_3,Na_sulph_symp,NDK,NIF3,NifU_N,NMT1,NQR2_RnfD_RnfE,NQRA,NTP_transferase,NUDIX,NusG,OmpH,OprB,PBP,PduV-EutP,PEPCK_GTP,Peptidase_A8,Peptidase_M17,Peptidase_M19,Peptidase_M3,Peptidase_M50,Peptidase_S11,Pept_tRNA_hydro,Pep_deformylase,PGI,PGK,PHO4,Phosphorylase,PhoU_div,PK,polyprenyl_synt,Porphobil_deam,PP2C_2,Prenyltransf,PseudoU_synth_1,PS_Dcarbxylase,PvlArgDC,Pyrophosphatase,Rad51,RBFA,RecA,Redoxin,RibD_C,Ribonuclease_P,Ribonuc_red_lgC,Ribonuc_red_sm,Ribosomal_L1,Ribosomal_L13,Ribosomal_L14,Ribosomal_L16,Ribosomal_L17,Ribosomal_L18p,Ribosomal_L19,Ribosomal_L20,Ribosomal_L21p,Ribosomal_L22,Ribosomal_L23,ribosomal_L24,Ribosomal_L27,Ribosomal_L27A,Ribosomal_L28,Ribosomal_L29,Ribosomal_L3,Ribosomal_L31,Ribosomal_L32p,Ribosomal_L33,Ribosomal_L34,Ribosomal_L35p,Ribosomal_L36,Ribosomal_L4,Ribosomal_L6,Ribosomal_L9_C,Ribosomal_S10,Ribosomal_S11,Ribosomal_S13,Ribosomal_S14,Ribosomal_S15,Ribosomal_S16,Ribosomal_S17,Ribosomal_S19,Ribosomal_S2,Ribosomal_S20p,Ribosomal_S21,Ribosomal_S6,Ribosomal_S7,Ribosomal_S8,Ribosomal_S9,Ribosom_S12_S23,Ribul_P_3_epim,Rib_5-P_isom_A,RmuC,RNA_pol_L,RRF,rRNA_methylase,RsfS,RuvC,RuvX,SecE,SecG,SecY,SHMT,SKI,SmpB,SNF,SSB,SseC,Sua5_yciO_yrdC,SufE,Sulfate_transp,SurE,T2SSE,T2SSF,TAL_FSA,TatD_DNase,TENA_THI-4,TGT,Thioredoxin_4,Thy1,TIM,Topoisom_bac,Transcrip_reg,tRNA-synt_1c,tRNA-synt_1d,tRNA-synt_2c,tRNA-synt_2e,tRNA-synt_His,tRNA_m1G_MT,tRNA_Me_trans,tRNA_synt_2f,tRNA_U5-meth_tr,Trypsin,TsaE,UbiA,UbiD,UDG,UDPGP,UPF0054,UPF0158,UPF0160,URO-D,Virul_fac_BrkB,VIT1,V_ATPase_I,YajC,YbaB_DNA_bd,YbjN,YfiO,YgbB,YGGT,YitT_membrane,YscO-like"	"PF01812.20,PF00393.19,PF04392.12,PF00583.25,PF13673.7,PF13302.7,PF13420.7,PF00022.19,PF00578.21,PF00490.21,PF01425.21,PF01520.18,PF01593.24,PF00501.28,PF02424.15,PF01261.24,PF00217.19,PF00137.21,PF01813.17,PF04519.13,PF00216.21,PF01311.20,PF01312.19,PF01313.19,PF01027.20,PF09825.9,PF05525.13,PF03503.13,PF01264.21,PF00795.22,PF01121.20,PF00166.21,PF05745.11,PF01148.20,PF02348.19,PF02578.15,PF13189.6,PF01654.17,PF02322.15,PF01266.24,PF05173.14,PF01678.19,PF05258.12,PF01791.9,PF00926.19,PF00701.22,PF00186.19,PF01761.20,PF00885.19,PF01556.18,PF02577.14,PF02600.16,PF02683.15,PF06587.11,PF06685.11,PF06727.11,PF07075.11,PF07079.11,PF07379.11,PF02594.16,PF02622.15,PF10915.8,PF10962.8,PF12228.8,PF04070.12,PF16802.5,PF17376.2,PF17377.2,PF17401.2,PF17435.2,PF17458.2,PF17459.2,PF17461.2,PF01207.17,PF00889.19,PF01176.19,PF00113.22,PF02472.16,PF02601.15,PF02609.16,PF04257.14,PF01996.16,PF07977.13,PF02504.15,PF00762.19,PF03781.16,PF02441.19,PF04347.13,PF00813.20,PF02152.18,PF00551.19,PF14450.6,PF02781.16,PF02934.15,PF04551.14,PF01597.19,PF02686.15,PF01182.20,PF02446.17,PF01025.19,PF13419.6,PF01725.16,PF07432.13,PF07382.11,PF02602.15,PF00300.22,PF01230.23,PF01288.20,PF01628.21,PF06188.12,PF18291.1,PF00459.25,PF01715.17,PF01745.16,PF07578.11,PF02866.18,PF01790.18,PF03279.13,PF04390.12,PF02684.15,PF03331.13,PF02606.14,PF17455.2,PF00677.17,PF02401.18,PF02545.14,PF02086.15,PF02390.17,PF01795.19,PF10672.9,PF05977.13,PF03176.15,PF12631.7,PF04085.14,PF03023.14,PF07399.11,PF00939.19,PF00334.19,PF01784.18,PF01592.16,PF09084.11,PF03116.15,PF05896.11,PF00483.23,PF00293.28,PF02357.19,PF03938.14,PF04966.12,PF01161.20,PF10662.9,PF00821.18,PF01252.18,PF00883.21,PF01244.21,PF01432.20,PF02163.22,PF00768.20,PF01195.19,PF01327.21,PF00342.19,PF00162.19,PF01384.20,PF00343.20,PF01865.16,PF00224.21,PF00348.17,PF01379.20,PF13672.6,PF01255.19,PF01416.20,PF02666.15,PF01862.16,PF00719.19,PF08423.11,PF02033.18,PF00154.21,PF08534.10,PF01872.17,PF00825.18,PF02867.15,PF00268.21,PF00687.21,PF00572.18,PF00238.19,PF00252.18,PF01196.19,PF00861.22,PF01245.20,PF00453.18,PF00829.21,PF00237.19,PF00276.20,PF17136.4,PF01016.19,PF00828.19,PF00830.19,PF00831.23,PF00297.22,PF01197.18,PF01783.23,PF00471.20,PF00468.17,PF01632.19,PF00444.18,PF00573.22,PF00347.23,PF03948.14,PF00338.22,PF00411.19,PF00416.22,PF00253.21,PF00312.22,PF00886.19,PF00366.20,PF00203.21,PF00318.20,PF01649.18,PF01165.20,PF01250.17,PF00177.21,PF00410.19,PF00380.19,PF00164.25,PF00834.19,PF06026.14,PF02646.16,PF01193.24,PF01765.19,PF06962.12,PF02410.15,PF02075.17,PF03652.15,PF00584.20,PF03840.14,PF00344.20,PF00464.19,PF01202.22,PF01668.18,PF00209.18,PF00436.25,PF04888.12,PF01300.18,PF02657.15,PF00916.20,PF01975.17,PF00437.20,PF00482.23,PF00923.19,PF01026.21,PF03070.16,PF01702.18,PF13462.6,PF02511.15,PF00121.18,PF01131.20,PF01709.20,PF00749.21,PF00750.19,PF01411.19,PF02091.15,PF13393.6,PF01746.21,PF03054.16,PF02092.17,PF05958.11,PF00089.26,PF02367.17,PF01040.18,PF01977.16,PF03167.19,PF01704.18,PF02130.17,PF03682.13,PF03690.13,PF01208.17,PF03631.15,PF01988.19,PF01496.19,PF02699.15,PF02575.16,PF10722.9,PF13525.6,PF02542.16,PF02325.17,PF02588.15,PF16789.5"	13f3237eba26a4beeac6049663bf8028
Cyanobacteria.hmm	https://doi.org/10.1093/bioinformatics/btz188	cyanobacteria	251	https://zenodo.org/records/13858489/files/Cyanobacteria.hmm?download=1	"5-FTHF_cyc-lig,6PGD,Adenylsucc_synt,AdoHcyase,AICARFT_IMPCHas,Aldolase,Aldose_epim,AnmK,Arginosuc_synth,ArgJ,Asparaginase_II,ATP-synt_A,BacA,BioY,BolA,CbiD,CbiJ,CCB1,CCB2_CCB4,Chorismate_synt,CIA30,CinA,Citrate_synt,CM_1,CoaE,CobD_Cbib,CobS,CobU,COX15-CtaA,CPP1-like,Crr6,CRR7,CTP_transf_1,Cu-oxidase_4,CxxCxxCC,DAGK_prokar,DapB_C,DAP_epimerase,DciA,DHBP_synthase,DHDPS,DHquinase_II,DMRL_synthase,DUF111,DUF1230,DUF1818,DUF1823,DUF1825,DUF1995,DUF2064,DUF212,DUF2232,DUF2256,DUF2518,DUF2555,DUF2854,DUF2996,DUF3007,DUF3067,DUF3086,DUF3119,DUF3120,DUF3143,DUF3146,DUF3148,DUF3153,DUF3155,DUF3172,DUF3177,DUF3181,DUF3285,DUF3288,DUF3326,DUF3464,DUF3531,DUF3539,DUF3593,DUF3769,DUF448,DUF561,DUF92,DUF98,EF_TS,eIF-1a,Enolase_C,FabA,FA_synthesis,FbpA,FBPase_glpX,FemAB_like,FolB,Fructosamin_kin,GatB_N,GcpE,GCV_H,GDC-P,Glu-tRNAGln,HisG,HrcA,HSP33,HSP90,IGPD,IPPT,IPT,LdpA_C,LGT,LpxC,Lum_binding,LYTB,Maf,Methyltransf_28,Methyltrans_RNA,Met_gamma_lyase,MinE,MnmE_helical,MreC,MSP,MTHFR,NadA,NADHdh,NdhL,NdhM,NdhN,NdhO,NDK,NusG,OKR_DC_1,OpcA_G6PD_assem,OSCP,Oxidored_q3,Oxidored_q4,Pantoate_ligase,Pantoate_transf,Pan_kinase,PDT,PdxA,PdxJ,PEPcase,Peptidase_A8,Peptidase_M17,Peptidase_M3,Pept_tRNA_hydro,PetG,PetN,PGI,PGK,PGP_phosphatase,Porphobil_deam,Ppx-GppA,PRAI,PsaD,PsaM,PsbH,PsbI,PsbJ,PsbK,PsbL,PsbM,PsbN,PsbT,PseudoU_synth_1,PSII_Pbs27,PSI_PsaF,PurS,Queuosine_synth,RBFA,RecO_C,ResB,Ribonuclease_P,Ribosomal_L1,Ribosomal_L13,Ribosomal_L14,Ribosomal_L16,Ribosomal_L17,Ribosomal_L18p,Ribosomal_L19,Ribosomal_L20,Ribosomal_L21p,Ribosomal_L22,Ribosomal_L23,ribosomal_L24,Ribosomal_L27,Ribosomal_L27A,Ribosomal_L28,Ribosomal_L29,Ribosomal_L3,Ribosomal_L31,Ribosomal_L32p,Ribosomal_L33,Ribosomal_L34,Ribosomal_L35p,Ribosomal_L36,Ribosomal_L4,Ribosomal_L6,Ribosomal_L9_C,Ribosomal_S10,Ribosomal_S11,Ribosomal_S13,Ribosomal_S14,Ribosomal_S15,Ribosomal_S16,Ribosomal_S17,Ribosomal_S19,Ribosomal_S2,Ribosomal_S20p,Ribosomal_S6,Ribosomal_S7,Ribosomal_S8,Ribosomal_S9,Ribosom_S12_S23,Rib_5-P_isom_A,RNase_HII,RNA_pol_L,RNA_pol_Rpb6,RRF,RsfS,RuvC,SAICAR_synt,SecE,SecG,SecY,SfsA,SHMT,SMC_ScpA,SMC_ScpB,SmpB,SufE,TatC,TGT,ThiC_Rad_SAM,ThylakoidFormat,TIC20,TIM,TrkH,tRNA-synt_1d,tRNA-synt_2c,tRNA-synt_2e,tRNA_m1G_MT,tRNA_synt_2f,TsaE,UPF0052,UPF0054,URO-D,YbaB_DNA_bd,YceD,Ycf34,Ycf4,Ycf54,Ycf9,YgbB,YlqD"	"PF01812.20,PF00393.19,PF00709.21,PF05221.17,PF01808.18,PF01081.19,PF01263.20,PF03702.14,PF00764.19,PF01960.18,PF06089.12,PF00119.20,PF02673.18,PF02632.14,PF01722.18,PF01888.17,PF02571.14,PF12046.8,PF11152.8,PF01264.21,PF08547.12,PF02464.17,PF00285.21,PF07736.11,PF01121.20,PF03186.13,PF02654.15,PF02283.16,PF02628.15,PF11833.8,PF08847.11,PF12095.8,PF01148.20,PF02578.15,PF03692.15,PF01219.19,PF05173.14,PF01678.19,PF05258.12,PF00926.19,PF00701.22,PF01220.19,PF00885.19,PF01969.17,PF06799.11,PF08848.11,PF08853.11,PF08855.10,PF09353.10,PF09837.9,PF02681.14,PF09991.9,PF10013.9,PF10726.9,PF10742.9,PF11016.8,PF11210.8,PF11460.8,PF11267.8,PF11285.8,PF11317.8,PF11318.8,PF11341.8,PF11344.8,PF11347.8,PF11353.8,PF11352.8,PF11371.8,PF11375.8,PF11378.8,PF11688.8,PF11691.8,PF11805.8,PF11947.8,PF12049.8,PF12058.8,PF12159.8,PF12600.8,PF04296.13,PF04481.12,PF01940.16,PF01947.16,PF00889.19,PF01176.19,PF00113.22,PF07977.13,PF02504.15,PF05833.11,PF03320.13,PF04339.12,PF02152.18,PF03881.14,PF02934.15,PF04551.14,PF01597.19,PF02347.16,PF02686.15,PF01634.18,PF01628.21,PF01430.19,PF00183.18,PF00475.18,PF01715.17,PF01745.16,PF12617.8,PF01790.18,PF03331.13,PF00677.17,PF02401.18,PF02545.14,PF02636.17,PF04452.14,PF06838.11,PF03776.14,PF12631.7,PF04085.14,PF01716.18,PF02219.17,PF02445.16,PF00146.21,PF10716.9,PF10664.9,PF11909.8,PF11910.8,PF00334.19,PF02357.19,PF01276.20,PF10128.9,PF00213.18,PF00499.20,PF00507.19,PF02569.15,PF02548.15,PF03309.14,PF00800.18,PF04166.12,PF03740.13,PF00311.17,PF01252.18,PF00883.21,PF01432.20,PF01195.19,PF02529.15,PF03742.14,PF00342.19,PF00162.19,PF09419.10,PF01379.20,PF02541.16,PF00697.22,PF02531.16,PF07465.13,PF00737.20,PF02532.14,PF01788.17,PF02533.15,PF02419.17,PF05151.12,PF02468.15,PF01405.17,PF01416.20,PF13326.6,PF02507.15,PF02700.14,PF02547.15,PF02033.18,PF02565.15,PF05140.14,PF00825.18,PF00687.21,PF00572.18,PF00238.19,PF00252.18,PF01196.19,PF00861.22,PF01245.20,PF00453.18,PF00829.21,PF00237.19,PF00276.20,PF17136.4,PF01016.19,PF00828.19,PF00830.19,PF00831.23,PF00297.22,PF01197.18,PF01783.23,PF00471.20,PF00468.17,PF01632.19,PF00444.18,PF00573.22,PF00347.23,PF03948.14,PF00338.22,PF00411.19,PF00416.22,PF00253.21,PF00312.22,PF00886.19,PF00366.20,PF00203.21,PF00318.20,PF01649.18,PF01250.17,PF00177.21,PF00410.19,PF00380.19,PF00164.25,PF06026.14,PF01351.18,PF01193.24,PF01192.22,PF01765.19,PF02410.15,PF02075.17,PF01259.18,PF00584.20,PF03840.14,PF00344.20,PF03749.13,PF00464.19,PF02616.14,PF04079.16,PF01668.18,PF02657.15,PF00902.18,PF01702.18,PF01964.18,PF11264.8,PF16166.5,PF00121.18,PF02386.16,PF00750.19,PF01411.19,PF02091.15,PF01746.21,PF02092.17,PF02367.17,PF01933.18,PF02130.17,PF01208.17,PF02575.16,PF02620.17,PF10718.9,PF02392.16,PF10674.9,PF01737.17,PF02542.16,PF11068.8"	ecb717254288f188447bb561aaeebd15
Epsilonproteobacteria.hmm	https://doi.org/10.1093/bioinformatics/btz188	epsilonproteobacteria	260	https://zenodo.org/records/13858489/files/Epsilonproteobacteria.hmm?download=1	"5-FTHF_cyc-lig,Actin,Adenylsucc_synt,ADK,ALAD,Amidase,Amidase_3,Asparaginase,ATP-synt,ATP-synt_A,ATP-synt_C,ATP-synt_DE_N,ATPase_gene1,Bactofilin,Bac_DNA_binding,Bac_export_1,Bac_export_3,Bax1-I,Chorismate_synt,CinA,CoaE,Colicin_V,COX1,Cpn10,Cpn60_TCP1,CRCB,CstA,CTP_transf_1,Cytochrom_C1,DAGK_prokar,DAHP_synth_1,DAHP_synth_2,DapB_C,DAP_epimerase,DHBP_synthase,DHquinase_II,DHQ_synthase,DMRL_synthase,DNA_processg_A,DsbD,DUF2018,DUF2603,DUF3972,DUF4006,DUF4149,DUF448,DUF465,DUF493,DUF5051,DUF507,EF_TS,EI24,eIF-1a,Enolase_C,Exonuc_VII_L,Exonuc_VII_S,FabA,FA_synthesis,FbpA,FBPase,Ferrochelatase,FHIPEP,FixO,FixQ,FixS,FlaG,FlgH,FlgI,FlgM,FliE,FliH,FliJ,FliL,FliM,FliP,FliS,FolB,F_bP_aldolase,G3P_acyltransf,GatB_N,GcpE,Gln-synt_C,Glu-tRNAGln,GrpE,GSP_synth,HD_2,HD_3,HEM4,HobA,HP0268,HPPK,HSP90,HupF_HypC,HyaE,HycI,HypA,HypD,ILVD_EDD,IPPT,IPT,Iso_dh,KH_4,LacAB_rpiB,LGT,Lip_A_acyltrans,LolA,LptE,LpxB,LpxC,LpxK,Lum_binding,LuxS,LYTB,Maf,MerR_2,Methyltransf_5,Methyltrans_RNA,MlaE,MnmE_helical,MoaC,MoaE,Mqo,MreC,MurJ,NAD_kinase,NDK,NIF3,NifU_N,NusG,OMPdecase,OSCP,Oxidored_q3,Oxidored_q4,Pan_kinase,PDH,PdxA,PdxJ,Peptidase_A8,Peptidase_M17,Peptidase_M22,Peptidase_M3,Peptidase_M99,Peptidase_U32,Pept_tRNA_hydro,Pep_deformylase,PGBA_N,PGI,PGK,PgpA,PhnA,PHO4,PMSR,Porphobil_deam,PRAI,Prenyltransf,Proteasome,Pro_CA,Pro_isomerase,PseudoU_synth_1,PTPS,Put_Phosphatase,Pyrophosphatase,QueH,Queuosine_synth,RBFA,Ribonuclease_P,Ribonuc_red_lgC,Ribonuc_red_sm,Ribosomal_L1,Ribosomal_L13,Ribosomal_L14,Ribosomal_L16,Ribosomal_L17,Ribosomal_L18p,Ribosomal_L19,Ribosomal_L20,Ribosomal_L21p,Ribosomal_L22,Ribosomal_L23,ribosomal_L24,Ribosomal_L27,Ribosomal_L27A,Ribosomal_L28,Ribosomal_L29,Ribosomal_L3,Ribosomal_L31,Ribosomal_L32p,Ribosomal_L33,Ribosomal_L34,Ribosomal_L35p,Ribosomal_L36,Ribosomal_L4,Ribosomal_L6,Ribosomal_L9_C,Ribosomal_S10,Ribosomal_S11,Ribosomal_S13,Ribosomal_S14,Ribosomal_S15,Ribosomal_S16,Ribosomal_S17,Ribosomal_S19,Ribosomal_S2,Ribosomal_S20p,Ribosomal_S21,Ribosomal_S6,Ribosomal_S7,Ribosomal_S8,Ribosomal_S9,Ribosom_S12_S23,Ribul_P_3_epim,RNase_HII,RNA_pol_L,RNA_pol_Rpb6,RRF,RsfS,RuvC,RuvX,Sacchrp_dh_C,Sdh_cyt,SecE,SecG,SecY,SelA,SelR,SHMT,SmpB,SPOUT_MTase,Sua5_yciO_yrdC,SurE,TAL_FSA,TatC,TatD_DNase,TerB,TGT,Thy1,TP_methylase,Transcrip_reg,tRNA-synt_1d,tRNA-synt_2c,tRNA-synt_2e,tRNA_m1G_MT,tRNA_synt_2f,TruD,Trypsin,TsaE,UbiA,UbiD,UPF0054,UPF0093,UPF0102,UPF0114,URO-D,Virul_fac_BrkB,YajC,YbaB_DNA_bd,YceG,YgbB,YGGT,YidD"	"PF01812.20,PF00022.19,PF00709.21,PF00406.22,PF00490.21,PF01425.21,PF01520.18,PF00710.20,PF00231.19,PF00119.20,PF00137.21,PF02823.16,PF09527.10,PF04519.13,PF00216.21,PF01311.20,PF01313.19,PF01027.20,PF01264.21,PF02464.17,PF01121.20,PF02674.16,PF00115.20,PF00166.21,PF00118.24,PF02537.15,PF02554.14,PF01148.20,PF02167.15,PF01219.19,PF00793.20,PF01474.16,PF05173.14,PF01678.19,PF00926.19,PF01220.19,PF01761.20,PF00885.19,PF02481.15,PF02683.15,PF09442.10,PF10788.9,PF13118.6,PF13179.6,PF13664.6,PF04296.13,PF04325.13,PF04359.14,PF16473.5,PF04368.13,PF00889.19,PF07264.11,PF01176.19,PF00113.22,PF02601.15,PF02609.16,PF07977.13,PF02504.15,PF05833.11,PF00316.20,PF00762.19,PF00771.20,PF02433.15,PF05545.11,PF03597.15,PF03646.15,PF02107.16,PF02119.16,PF04316.13,PF02049.18,PF02108.16,PF02050.16,PF03748.14,PF02154.15,PF00813.20,PF02561.14,PF02152.18,PF01116.20,PF02660.15,PF02934.15,PF04551.14,PF00120.24,PF02686.15,PF01025.19,PF03738.14,PF12917.7,PF13023.6,PF02602.15,PF12163.8,PF18618.1,PF01288.20,PF00183.18,PF01455.18,PF07449.11,PF01750.18,PF01155.19,PF01924.16,PF00920.21,PF01715.17,PF01745.16,PF00180.20,PF13083.6,PF02502.18,PF01790.18,PF03279.13,PF03548.15,PF04390.12,PF02684.15,PF03331.13,PF02606.14,PF00677.17,PF02664.15,PF02401.18,PF02545.14,PF13591.6,PF01795.19,PF04452.14,PF02405.16,PF12631.7,PF01967.21,PF02391.17,PF06039.15,PF04085.14,PF03023.14,PF01513.21,PF00334.19,PF01784.18,PF01592.16,PF02357.19,PF00215.24,PF00213.18,PF00499.20,PF00507.19,PF03309.14,PF02153.17,PF04166.12,PF03740.13,PF01252.18,PF00883.21,PF00814.25,PF01432.20,PF17033.5,PF01136.19,PF01195.19,PF01327.21,PF15436.6,PF00342.19,PF00162.19,PF04608.13,PF03831.14,PF01384.20,PF01625.21,PF01379.20,PF00697.22,PF01255.19,PF00227.26,PF00484.19,PF00160.21,PF01416.20,PF01242.19,PF06888.12,PF00719.19,PF02677.14,PF02547.15,PF02033.18,PF00825.18,PF02867.15,PF00268.21,PF00687.21,PF00572.18,PF00238.19,PF00252.18,PF01196.19,PF00861.22,PF01245.20,PF00453.18,PF00829.21,PF00237.19,PF00276.20,PF17136.4,PF01016.19,PF00828.19,PF00830.19,PF00831.23,PF00297.22,PF01197.18,PF01783.23,PF00471.20,PF00468.17,PF01632.19,PF00444.18,PF00573.22,PF00347.23,PF03948.14,PF00338.22,PF00411.19,PF00416.22,PF00253.21,PF00312.22,PF00886.19,PF00366.20,PF00203.21,PF00318.20,PF01649.18,PF01165.20,PF01250.17,PF00177.21,PF00410.19,PF00380.19,PF00164.25,PF00834.19,PF01351.18,PF01193.24,PF01192.22,PF01765.19,PF02410.15,PF02075.17,PF03652.15,PF16653.5,PF01127.22,PF00584.20,PF03840.14,PF00344.20,PF03841.13,PF01641.18,PF00464.19,PF01668.18,PF02590.17,PF01300.18,PF01975.17,PF00923.19,PF00902.18,PF01026.21,PF05099.13,PF01702.18,PF02511.15,PF00590.20,PF01709.20,PF00750.19,PF01411.19,PF02091.15,PF01746.21,PF02092.17,PF01142.18,PF00089.26,PF02367.17,PF01040.18,PF01977.16,PF02130.17,PF03653.13,PF02021.17,PF03350.16,PF01208.17,PF03631.15,PF02699.15,PF02575.16,PF02618.16,PF02542.16,PF02325.17,PF01809.18"	02fa32577237675db11ef68d8ca83a0e
Firmicutes.hmm	https://doi.org/10.1093/bioinformatics/btz188	firmicutes	119	https://zenodo.org/records/13858489/files/Firmicutes.hmm?download=1	"5-FTHF_cyc-lig,Adenylsucc_synt,ADK,AICARFT_IMPCHas,ATP-synt,ATP-synt_A,ATP-synt_B,ATP-synt_DE_N,ATP_bind_2,Cpn10,Cpn60_TCP1,CTP_transf_1,Cytidylate_kin2,DAGK_prokar,DHOase,DnaJ_C,DNA_pol3_delta,DNA_processg_A,DUF1934,DUF448,DUF951,EF_TS,eIF-1a,Exonuc_VII_L,Exonuc_VII_S,FA_synthesis,FbpA,GatB_N,Glu-tRNAGln,GrpE,Ham1p_like,Hpr_kinase_C,HrcA,HSP33,IPPT,IPT,IreB,Methyltrans_RNA,MnmE_helical,MreC,NifU_N,NusG,OSCP,Peptidase_A8,Pept_tRNA_hydro,PGI,PGK,Prenyltransf,Queuosine_synth,RBFA,RecO_C,RecX,Ribonuclease_P,Ribosomal_L1,Ribosomal_L13,Ribosomal_L14,Ribosomal_L16,Ribosomal_L17,Ribosomal_L18p,Ribosomal_L19,Ribosomal_L20,Ribosomal_L21p,Ribosomal_L22,Ribosomal_L23,ribosomal_L24,Ribosomal_L27,Ribosomal_L27A,Ribosomal_L28,Ribosomal_L29,Ribosomal_L3,Ribosomal_L34,Ribosomal_L35p,Ribosomal_L36,Ribosomal_L4,Ribosomal_L6,Ribosomal_L9_C,Ribosomal_S10,Ribosomal_S11,Ribosomal_S13,Ribosomal_S15,Ribosomal_S16,Ribosomal_S17,Ribosomal_S19,Ribosomal_S2,Ribosomal_S20p,Ribosomal_S21,Ribosomal_S30AE,Ribosomal_S6,Ribosomal_S7,Ribosomal_S8,Ribosomal_S9,Ribosom_S12_S23,RNA_pol_L,RNA_pol_Rpb6,RRF,RsfS,RuvX,SAICAR_synt,SecE,SecG,SHMT,SMC_ScpA,SMC_ScpB,SmpB,SPOUT_MTase,TGT,TrmK,tRNA_m1G_MT,TsaE,Tyr_Deacylase,UPF0052,UPF0054,VEG,YajC,YbaB_DNA_bd,YbbR,YceD,YGGT,YidD"	"PF01812.20,PF00709.21,PF00406.22,PF01808.18,PF00231.19,PF00119.20,PF00430.18,PF02823.16,PF03668.15,PF00166.21,PF00118.24,PF01148.20,PF13189.6,PF01219.19,PF12890.7,PF01556.18,PF06144.13,PF02481.15,PF09148.10,PF04296.13,PF06107.11,PF00889.19,PF01176.19,PF02601.15,PF02609.16,PF02504.15,PF05833.11,PF02934.15,PF02686.15,PF01025.19,PF01725.16,PF07475.12,PF01628.21,PF01430.19,PF01715.17,PF01745.16,PF06135.12,PF04452.14,PF12631.7,PF04085.14,PF01592.16,PF02357.19,PF00213.18,PF01252.18,PF01195.19,PF00342.19,PF00162.19,PF01255.19,PF02547.15,PF02033.18,PF02565.15,PF02631.16,PF00825.18,PF00687.21,PF00572.18,PF00238.19,PF00252.18,PF01196.19,PF00861.22,PF01245.20,PF00453.18,PF00829.21,PF00237.19,PF00276.20,PF17136.4,PF01016.19,PF00828.19,PF00830.19,PF00831.23,PF00297.22,PF00468.17,PF01632.19,PF00444.18,PF00573.22,PF00347.23,PF03948.14,PF00338.22,PF00411.19,PF00416.22,PF00312.22,PF00886.19,PF00366.20,PF00203.21,PF00318.20,PF01649.18,PF01165.20,PF02482.19,PF01250.17,PF00177.21,PF00410.19,PF00380.19,PF00164.25,PF01193.24,PF01192.22,PF01765.19,PF02410.15,PF03652.15,PF01259.18,PF00584.20,PF03840.14,PF00464.19,PF02616.14,PF04079.16,PF01668.18,PF02590.17,PF01702.18,PF04816.12,PF01746.21,PF02367.17,PF02580.16,PF01933.18,PF02130.17,PF06257.11,PF02699.15,PF02575.16,PF07949.12,PF02620.17,PF02325.17,PF01809.18"	72c1f258d3207220c4f411cd7b20bbf8
Gammaproteobacteria.hmm	https://doi.org/10.1093/bioinformatics/btz188	gammaproteobacteria	172	https://zenodo.org/records/13858489/files/Gammaproteobacteria.hmm?download=1	"5-FTHF_cyc-lig,Actin,Adenylsucc_synt,ADK,AICARFT_IMPCHas,AIRC,ALAD,AnmK,ATP-synt,ATP-synt_A,ATP-synt_B,ATP-synt_C,ATP-synt_DE_N,ATP-synt_I,ATP_bind_2,BMFP,Chorismate_synt,Colicin_V,Coprogen_oxidas,Cpn10,Cpn60_TCP1,DapB_C,DAP_epimerase,DHQ_synthase,DivIC,DMRL_synthase,DNA_pol3_chi,DNA_pol3_delta,DUF179,DUF423,DUF489,DUF493,DUF615,EF_TS,eIF-1a,Enolase_C,Exonuc_VII_L,Exonuc_VII_S,Ferrochelatase,FtsL,GcpE,GrpE,Ham1p_like,HEM4,Hfq,HisG,Histidinol_dh,HSP33,IGPD,IPPT,IPT,Iron_traffic,LapA_dom,Leu_Phe_trans,LolB,LpxB,LpxC,LpxK,LYTB,MinE,MlaC,MnmE_helical,MreC,MreD,NDK,OmpH,OSCP,Pantoate_ligase,PDH,PDT,PdxJ,PEPcase,Peptidase_A8,Pept_tRNA_hydro,PGI,PGK,PhnA,PNTB,Porphobil_deam,PRAI,Prenyltransf,PseudoU_synth_1,PS_Dcarbxylase,RBFA,RecO_C,RecX,Ribonuclease_P,Ribosomal_L1,Ribosomal_L13,Ribosomal_L14,Ribosomal_L16,Ribosomal_L17,Ribosomal_L18p,Ribosomal_L19,Ribosomal_L20,Ribosomal_L21p,Ribosomal_L22,Ribosomal_L23,ribosomal_L24,Ribosomal_L27,Ribosomal_L27A,Ribosomal_L28,Ribosomal_L29,Ribosomal_L3,Ribosomal_L32p,Ribosomal_L33,Ribosomal_L34,Ribosomal_L35p,Ribosomal_L4,Ribosomal_L6,Ribosomal_L9_C,Ribosomal_S10,Ribosomal_S11,Ribosomal_S13,Ribosomal_S14,Ribosomal_S15,Ribosomal_S16,Ribosomal_S17,Ribosomal_S19,Ribosomal_S2,Ribosomal_S20p,Ribosomal_S21,Ribosomal_S6,Ribosomal_S7,Ribosomal_S8,Ribosomal_S9,Ribosom_S12_S23,Rib_5-P_isom_A,RmuC,RNase_HII,RNA_pol_L,RNA_pol_Rpb6,RRF,RsfS,RuvC,RuvX,SAICAR_synt,SAM_MT,Sdh5,SecB,SecE,SecG,SecY,SlyX,SmpB,SPOUT_MTase,SspB,TatC,TGT,Thymidylat_synt,Trm112p,tRNA-synt_1d,tRNA-synt_2c,tRNA-synt_2e,tRNA_m1G_MT,tRNA_synt_2f,Tyr_Deacylase,Ub-RnfH,UPF0054,UPF0102,UPF0225,UPRTase,URO-D,YajC,YbaB_DNA_bd,YceD,YceG,YcgL,YgbB,YGGT,YicC_N,YidD"	"PF01812.20,PF00022.19,PF00709.21,PF00406.22,PF01808.18,PF00731.20,PF00490.21,PF03702.14,PF00231.19,PF00119.20,PF00430.18,PF00137.21,PF02823.16,PF03899.15,PF03668.15,PF04380.13,PF01264.21,PF02674.16,PF01218.18,PF00166.21,PF00118.24,PF05173.14,PF01678.19,PF01761.20,PF04977.15,PF00885.19,PF04364.13,PF06144.13,PF02622.15,PF04241.15,PF04356.12,PF04359.14,PF04751.14,PF00889.19,PF01176.19,PF00113.22,PF02601.15,PF02609.16,PF00762.19,PF04999.13,PF04551.14,PF01025.19,PF01725.16,PF02602.15,PF17209.3,PF01634.18,PF00815.20,PF01430.19,PF00475.18,PF01715.17,PF01745.16,PF04362.14,PF06305.11,PF03588.14,PF03550.14,PF02684.15,PF03331.13,PF02606.14,PF02401.18,PF03776.14,PF05494.12,PF12631.7,PF04085.14,PF04093.12,PF00334.19,PF03938.14,PF00213.18,PF02569.15,PF02153.17,PF00800.18,PF03740.13,PF00311.17,PF01252.18,PF01195.19,PF00342.19,PF00162.19,PF03831.14,PF02233.16,PF01379.20,PF00697.22,PF01255.19,PF01416.20,PF02666.15,PF02033.18,PF02565.15,PF02631.16,PF00825.18,PF00687.21,PF00572.18,PF00238.19,PF00252.18,PF01196.19,PF00861.22,PF01245.20,PF00453.18,PF00829.21,PF00237.19,PF00276.20,PF17136.4,PF01016.19,PF00828.19,PF00830.19,PF00831.23,PF00297.22,PF01783.23,PF00471.20,PF00468.17,PF01632.19,PF00573.22,PF00347.23,PF03948.14,PF00338.22,PF00411.19,PF00416.22,PF00253.21,PF00312.22,PF00886.19,PF00366.20,PF00203.21,PF00318.20,PF01649.18,PF01165.20,PF01250.17,PF00177.21,PF00410.19,PF00380.19,PF00164.25,PF06026.14,PF02646.16,PF01351.18,PF01193.24,PF01192.22,PF01765.19,PF02410.15,PF02075.17,PF03652.15,PF01259.18,PF04445.13,PF03937.16,PF02556.14,PF00584.20,PF03840.14,PF00344.20,PF04102.12,PF01668.18,PF02590.17,PF04386.13,PF00902.18,PF01702.18,PF00303.19,PF03966.16,PF00750.19,PF01411.19,PF02091.15,PF01746.21,PF02092.17,PF02580.16,PF03658.14,PF02130.17,PF02021.17,PF17775.1,PF14681.6,PF01208.17,PF02699.15,PF02575.16,PF02620.17,PF02618.16,PF05166.13,PF02542.16,PF02325.17,PF03755.13,PF01809.18"	75855f03500be7af2fb161a8e358b516
Proteobacteria.hmm	https://doi.org/10.1093/bioinformatics/btz188	proteobacteria	119	https://zenodo.org/records/13858489/files/Proteobacteria.hmm?download=1	"5-FTHF_cyc-lig,Adenylsucc_synt,ADK,AICARFT_IMPCHas,AIRC,ALAD,ATP-synt,ATP-synt_A,ATP-synt_C,ATP-synt_DE_N,Chorismate_synt,Colicin_V,DapB_C,DAP_epimerase,DHQ_synthase,DivIC,DNA_pol3_chi,DUF179,EF_TS,Enolase_C,Exonuc_VII_L,Exonuc_VII_S,Ferrochelatase,GcpE,GrpE,Ham1p_like,HEM4,HisG,IGPD,IPPT,IPT,LpxB,LpxC,LpxK,Lum_binding,MnmE_helical,NDK,OSCP,Pantoate_ligase,PdxJ,Peptidase_A8,Pept_tRNA_hydro,PGK,Porphobil_deam,PRAI,Prenyltransf,PseudoU_synth_1,RBFA,RecO_C,Ribonuclease_P,Ribosomal_L1,Ribosomal_L13,Ribosomal_L14,Ribosomal_L16,Ribosomal_L17,Ribosomal_L18p,Ribosomal_L19,Ribosomal_L20,Ribosomal_L21p,Ribosomal_L22,Ribosomal_L23,ribosomal_L24,Ribosomal_L27,Ribosomal_L27A,Ribosomal_L28,Ribosomal_L29,Ribosomal_L3,Ribosomal_L32p,Ribosomal_L33,Ribosomal_L34,Ribosomal_L35p,Ribosomal_L4,Ribosomal_L6,Ribosomal_L9_C,Ribosomal_S10,Ribosomal_S11,Ribosomal_S13,Ribosomal_S14,Ribosomal_S15,Ribosomal_S16,Ribosomal_S17,Ribosomal_S19,Ribosomal_S2,Ribosomal_S20p,Ribosomal_S21,Ribosomal_S6,Ribosomal_S7,Ribosomal_S8,Ribosomal_S9,Ribosom_S12_S23,RNase_HII,RNA_pol_L,RNA_pol_Rpb6,RRF,RsfS,RuvC,RuvX,SAICAR_synt,Sdh5,SecE,SecG,SecY,SmpB,SPOUT_MTase,SspB,TatC,TGT,tRNA-synt_1d,tRNA-synt_2e,tRNA_m1G_MT,tRNA_synt_2f,UPF0054,URO-D,YajC,YbaB_DNA_bd,YceG,YgbB,YGGT,YidD"	"PF01812.20,PF00709.21,PF00406.22,PF01808.18,PF00731.20,PF00490.21,PF00231.19,PF00119.20,PF00137.21,PF02823.16,PF01264.21,PF02674.16,PF05173.14,PF01678.19,PF01761.20,PF04977.15,PF04364.13,PF02622.15,PF00889.19,PF00113.22,PF02601.15,PF02609.16,PF00762.19,PF04551.14,PF01025.19,PF01725.16,PF02602.15,PF01634.18,PF00475.18,PF01715.17,PF01745.16,PF02684.15,PF03331.13,PF02606.14,PF00677.17,PF12631.7,PF00334.19,PF00213.18,PF02569.15,PF03740.13,PF01252.18,PF01195.19,PF00162.19,PF01379.20,PF00697.22,PF01255.19,PF01416.20,PF02033.18,PF02565.15,PF00825.18,PF00687.21,PF00572.18,PF00238.19,PF00252.18,PF01196.19,PF00861.22,PF01245.20,PF00453.18,PF00829.21,PF00237.19,PF00276.20,PF17136.4,PF01016.19,PF00828.19,PF00830.19,PF00831.23,PF00297.22,PF01783.23,PF00471.20,PF00468.17,PF01632.19,PF00573.22,PF00347.23,PF03948.14,PF00338.22,PF00411.19,PF00416.22,PF00253.21,PF00312.22,PF00886.19,PF00366.20,PF00203.21,PF00318.20,PF01649.18,PF01165.20,PF01250.17,PF00177.21,PF00410.19,PF00380.19,PF00164.25,PF01351.18,PF01193.24,PF01192.22,PF01765.19,PF02410.15,PF02075.17,PF03652.15,PF01259.18,PF03937.16,PF00584.20,PF03840.14,PF00344.20,PF01668.18,PF02590.17,PF04386.13,PF00902.18,PF01702.18,PF00750.19,PF02091.15,PF01746.21,PF02092.17,PF02130.17,PF01208.17,PF02699.15,PF02575.16,PF02618.16,PF02542.16,PF02325.17,PF01809.18"	e842a4d96517f68910726989d33b4107
Tenericutes.hmm	https://doi.org/10.1093/bioinformatics/btz188	tenericutes	99	https://zenodo.org/records/13858489/files/Tenericutes.hmm?download=1	"ADK,Amidase,ATP-synt,ATP-synt_A,ATP-synt_B,ATP-synt_C,ATP-synt_DE_N,CTP_transf_1,DUF448,EF_TS,eIF-1a,Enolase_C,FA_synthesis,GatB_N,Glycos_transf_3,GrpE,HIT,HrcA,Methyltransf_5,MnmE_helical,MraZ,NifU_N,NusG,OSCP,PCRF,Peptidase_A8,Pept_tRNA_hydro,PGI,PGK,Pyrophosphatase,Rad51,RBFA,RecA,Ribonuclease_P,Ribosomal_L1,Ribosomal_L13,Ribosomal_L14,Ribosomal_L16,Ribosomal_L17,Ribosomal_L18p,Ribosomal_L19,Ribosomal_L20,Ribosomal_L21p,Ribosomal_L22,Ribosomal_L23,ribosomal_L24,Ribosomal_L27,Ribosomal_L27A,Ribosomal_L28,Ribosomal_L29,Ribosomal_L3,Ribosomal_L31,Ribosomal_L32p,Ribosomal_L34,Ribosomal_L35p,Ribosomal_L36,Ribosomal_L4,Ribosomal_L6,Ribosomal_L9_C,Ribosomal_S10,Ribosomal_S11,Ribosomal_S13,Ribosomal_S14,Ribosomal_S15,Ribosomal_S16,Ribosomal_S17,Ribosomal_S19,Ribosomal_S2,Ribosomal_S20p,Ribosomal_S6,Ribosomal_S7,Ribosomal_S8,Ribosomal_S9,Ribosom_S12_S23,RNA_pol_L,RRF,RrnaAD,RuvX,SecY,SHMT,SMC_ScpA,SMC_ScpB,SmpB,Sua5_yciO_yrdC,TIM,TK,TP_methylase,Transcrip_reg,TrkH,tRNA-synt_1c,tRNA-synt_1d,tRNA-synt_2c,tRNA-synt_His,tRNA_m1G_MT,UDG,UPF0054,UPF0154,UPRTase,YmdB"	"PF00406.22,PF01425.21,PF00231.19,PF00119.20,PF00430.18,PF00137.21,PF02823.16,PF01148.20,PF04296.13,PF00889.19,PF01176.19,PF00113.22,PF02504.15,PF02934.15,PF00591.21,PF01025.19,PF01230.23,PF01628.21,PF01795.19,PF12631.7,PF02381.18,PF01592.16,PF02357.19,PF00213.18,PF03462.18,PF01252.18,PF01195.19,PF00342.19,PF00162.19,PF00719.19,PF08423.11,PF02033.18,PF00154.21,PF00825.18,PF00687.21,PF00572.18,PF00238.19,PF00252.18,PF01196.19,PF00861.22,PF01245.20,PF00453.18,PF00829.21,PF00237.19,PF00276.20,PF17136.4,PF01016.19,PF00828.19,PF00830.19,PF00831.23,PF00297.22,PF01197.18,PF01783.23,PF00468.17,PF01632.19,PF00444.18,PF00573.22,PF00347.23,PF03948.14,PF00338.22,PF00411.19,PF00416.22,PF00253.21,PF00312.22,PF00886.19,PF00366.20,PF00203.21,PF00318.20,PF01649.18,PF01250.17,PF00177.21,PF00410.19,PF00380.19,PF00164.25,PF01193.24,PF01765.19,PF00398.20,PF03652.15,PF00344.20,PF00464.19,PF02616.14,PF04079.16,PF01668.18,PF01300.18,PF00121.18,PF00265.18,PF00590.20,PF01709.20,PF02386.16,PF00749.21,PF00750.19,PF01411.19,PF13393.6,PF01746.21,PF03167.19,PF02130.17,PF03672.13,PF14681.6,PF13277.6"	efe42bbd2def9832e6c7473a16c4a912
Universal-Hug-et-al.hmm	www.nature.com/articles/nmicrobiol201648	"bacteria,archaea,eukarya"	16	https://zenodo.org/records/13858489/files/Universal-Hug-et-al.hmm?download=1	"Ribosomal_L2_C,Ribosomal_L3,Ribosomal_L4,Ribosomal_L5,Ribosomal_L6,Ribosomal_L14,Ribosomal_L27A,Ribosomal_L16,Ribosomal_L18p,Ribosomal_L22,ribosomal_L24,Ribosomal_S10,Ribosomal_S17,Ribosomal_S19,Ribosomal_S3_C,Ribosomal_S8"	"PF03947.23,PF00297.27,PF00573.27,PF00281.24,PF00347.28,PF00238.24,PF00828.24,PF00252.23,PF00861.27,PF00237.24,PF17136.9,PF00338.27,PF00366.25,PF00203.26,PF00189.25,PF00410.24"	deeede8ba5bea1b4048f3f95b408a70f
